FeatureCode,DateCode,Measurement,Units,Value,Rent and charges
E09000008,2015-2016,LA rents and charges,,120.1,b. Weekly total charges mean
E09000008,2013-2014,LA rents and charges,,93.3,a. Weekly rent mean
E09000008,2013-2014,LA rents and charges,,105.6,b. Weekly total charges mean
E09000008,2014-2015,LA rents and charges,,109.2,b. Weekly total charges mean
E09000008,2014-2015,LA rents and charges,,98.1,a. Weekly rent mean
E09000008,2015-2016,LA rents and charges,,107.9,a. Weekly rent mean
E09000009,2015-2016,LA rents and charges,,123.2,b. Weekly total charges mean
E09000009,2014-2015,LA rents and charges,,106.8,b. Weekly total charges mean
E09000009,2015-2016,LA rents and charges,,115.2,a. Weekly rent mean
E09000009,2014-2015,LA rents and charges,,99.5,a. Weekly rent mean
E09000009,2013-2014,LA rents and charges,,93.7,a. Weekly rent mean
E09000009,2013-2014,LA rents and charges,,100.9,b. Weekly total charges mean
E09000010,2014-2015,LA rents and charges,,107.4,b. Weekly total charges mean
E09000010,2014-2015,LA rents and charges,,96.2,a. Weekly rent mean
E09000010,2015-2016,LA rents and charges,,110.3,b. Weekly total charges mean
E09000010,2013-2014,LA rents and charges,,92.9,a. Weekly rent mean
E09000010,2013-2014,LA rents and charges,,103.7,b. Weekly total charges mean
E09000010,2015-2016,LA rents and charges,,98.5,a. Weekly rent mean
E09000011,2013-2014,LA rents and charges,,96.9,b. Weekly total charges mean
E09000011,2015-2016,LA rents and charges,,101,a. Weekly rent mean
E09000011,2013-2014,LA rents and charges,,95.1,a. Weekly rent mean
E09000011,2014-2015,LA rents and charges,,98.3,a. Weekly rent mean
E09000011,2014-2015,LA rents and charges,,100.5,b. Weekly total charges mean
E09000011,2015-2016,LA rents and charges,,103.2,b. Weekly total charges mean
E09000012,2014-2015,LA rents and charges,,116.1,b. Weekly total charges mean
E09000012,2015-2016,LA rents and charges,,94.3,a. Weekly rent mean
E09000012,2015-2016,LA rents and charges,,112.4,b. Weekly total charges mean
E09000012,2014-2015,LA rents and charges,,97.3,a. Weekly rent mean
E09000012,2013-2014,LA rents and charges,,113.7,b. Weekly total charges mean
E09000012,2013-2014,LA rents and charges,,95.7,a. Weekly rent mean
E09000013,2015-2016,LA rents and charges,,124,b. Weekly total charges mean
E09000013,2014-2015,LA rents and charges,,123.6,b. Weekly total charges mean
E09000013,2014-2015,LA rents and charges,,115.1,a. Weekly rent mean
E09000013,2015-2016,LA rents and charges,,116.2,a. Weekly rent mean
E09000013,2013-2014,LA rents and charges,,94.1,a. Weekly rent mean
E09000013,2013-2014,LA rents and charges,,106.1,b. Weekly total charges mean
E09000014,2013-2014,LA rents and charges,,97.6,a. Weekly rent mean
E09000014,2015-2016,LA rents and charges,,104,a. Weekly rent mean
E09000014,2014-2015,LA rents and charges,,102.1,a. Weekly rent mean
E09000014,2013-2014,LA rents and charges,,115.9,b. Weekly total charges mean
E09000014,2014-2015,LA rents and charges,,121.3,b. Weekly total charges mean
E09000014,2015-2016,LA rents and charges,,123.1,b. Weekly total charges mean
E09000015,2014-2015,LA rents and charges,,112.3,a. Weekly rent mean
E09000015,2014-2015,LA rents and charges,,115.6,b. Weekly total charges mean
E09000015,2013-2014,LA rents and charges,,106.8,a. Weekly rent mean
E09000015,2015-2016,LA rents and charges,,119.7,b. Weekly total charges mean
E09000015,2015-2016,LA rents and charges,,115,a. Weekly rent mean
E09000015,2013-2014,LA rents and charges,,113.1,b. Weekly total charges mean
E09000016,2014-2015,LA rents and charges,,105.1,a. Weekly rent mean
E09000016,2014-2015,LA rents and charges,,113.4,b. Weekly total charges mean
E09000016,2015-2016,LA rents and charges,,106.7,a. Weekly rent mean
E09000016,2013-2014,LA rents and charges,,99.9,b. Weekly total charges mean
E09000016,2015-2016,LA rents and charges,,110.6,b. Weekly total charges mean
E09000016,2013-2014,LA rents and charges,,99.3,a. Weekly rent mean
E09000017,2014-2015,LA rents and charges,,116.5,b. Weekly total charges mean
E09000017,2014-2015,LA rents and charges,,106.4,a. Weekly rent mean
E09000017,2015-2016,LA rents and charges,,118.1,b. Weekly total charges mean
E09000017,2015-2016,LA rents and charges,,107.4,a. Weekly rent mean
E09000017,2013-2014,LA rents and charges,,106.1,b. Weekly total charges mean
E09000017,2013-2014,LA rents and charges,,100.7,a. Weekly rent mean
E09000018,2015-2016,LA rents and charges,,104.7,a. Weekly rent mean
E09000018,2013-2014,LA rents and charges,,98.8,a. Weekly rent mean
E09000018,2014-2015,LA rents and charges,,116.1,b. Weekly total charges mean
E09000018,2014-2015,LA rents and charges,,105.1,a. Weekly rent mean
E09000018,2015-2016,LA rents and charges,,117.9,b. Weekly total charges mean
E09000018,2013-2014,LA rents and charges,,112,b. Weekly total charges mean
E09000019,2015-2016,LA rents and charges,,109.6,a. Weekly rent mean
E09000019,2013-2014,LA rents and charges,,113.6,a. Weekly rent mean
E09000019,2014-2015,LA rents and charges,,120.7,b. Weekly total charges mean
E09000019,2014-2015,LA rents and charges,,114.9,a. Weekly rent mean
E09000019,2013-2014,LA rents and charges,,125.2,b. Weekly total charges mean
E09000019,2015-2016,LA rents and charges,,113.6,b. Weekly total charges mean
E09000020,2013-2014,LA rents and charges,,124.9,b. Weekly total charges mean
E09000020,2015-2016,LA rents and charges,,123.5,a. Weekly rent mean
E09000020,2015-2016,LA rents and charges,,146.1,b. Weekly total charges mean
E09000020,2013-2014,LA rents and charges,,114.9,a. Weekly rent mean
E09000020,2014-2015,LA rents and charges,,117.8,a. Weekly rent mean
E09000020,2014-2015,LA rents and charges,,136.7,b. Weekly total charges mean
E09000021,2015-2016,LA rents and charges,,125.3,b. Weekly total charges mean
E09000021,2015-2016,LA rents and charges,,117.3,a. Weekly rent mean
E09000021,2014-2015,LA rents and charges,,122,b. Weekly total charges mean
E09000021,2014-2015,LA rents and charges,,110.1,a. Weekly rent mean
E09000021,2013-2014,LA rents and charges,,118.8,b. Weekly total charges mean
E09000021,2013-2014,LA rents and charges,,107.4,a. Weekly rent mean
E09000022,2014-2015,LA rents and charges,,123.7,b. Weekly total charges mean
E09000022,2015-2016,LA rents and charges,,128.7,b. Weekly total charges mean
E09000022,2013-2014,LA rents and charges,,121,b. Weekly total charges mean
E09000022,2013-2014,LA rents and charges,,100.2,a. Weekly rent mean
E09000022,2014-2015,LA rents and charges,,103.1,a. Weekly rent mean
E09000022,2015-2016,LA rents and charges,,109.4,a. Weekly rent mean
E09000023,2014-2015,LA rents and charges,,101.4,b. Weekly total charges mean
E09000023,2013-2014,LA rents and charges,,100.9,b. Weekly total charges mean
E09000023,2014-2015,LA rents and charges,,92.8,a. Weekly rent mean
E09000023,2015-2016,LA rents and charges,,104.3,b. Weekly total charges mean
E09000023,2015-2016,LA rents and charges,,96.2,a. Weekly rent mean
E09000023,2013-2014,LA rents and charges,,91.2,a. Weekly rent mean
E09000025,2013-2014,LA rents and charges,,90.8,a. Weekly rent mean
E09000025,2014-2015,LA rents and charges,,95,a. Weekly rent mean
E09000025,2014-2015,LA rents and charges,,102.4,b. Weekly total charges mean
E09000025,2013-2014,LA rents and charges,,100.2,b. Weekly total charges mean
E09000025,2015-2016,LA rents and charges,,99.4,a. Weekly rent mean
E09000025,2015-2016,LA rents and charges,,106.4,b. Weekly total charges mean
E09000026,2013-2014,LA rents and charges,,109.1,b. Weekly total charges mean
E09000026,2015-2016,LA rents and charges,,108.1,b. Weekly total charges mean
E09000026,2013-2014,LA rents and charges,,101.5,a. Weekly rent mean
E09000026,2014-2015,LA rents and charges,,97.9,a. Weekly rent mean
E09000026,2015-2016,LA rents and charges,,102.5,a. Weekly rent mean
E09000026,2014-2015,LA rents and charges,,103,b. Weekly total charges mean
E09000028,2013-2014,LA rents and charges,,111.9,b. Weekly total charges mean
E09000028,2014-2015,LA rents and charges,,114.3,b. Weekly total charges mean
E09000028,2013-2014,LA rents and charges,,94.6,a. Weekly rent mean
E09000028,2015-2016,LA rents and charges,,106.8,a. Weekly rent mean
E09000028,2014-2015,LA rents and charges,,97.4,a. Weekly rent mean
E09000028,2015-2016,LA rents and charges,,125,b. Weekly total charges mean
E09000029,2015-2016,LA rents and charges,,108.7,a. Weekly rent mean
E09000029,2013-2014,LA rents and charges,,99.9,a. Weekly rent mean
E09000029,2014-2015,LA rents and charges,,104.3,a. Weekly rent mean
E09000029,2015-2016,LA rents and charges,,120.5,b. Weekly total charges mean
E09000029,2013-2014,LA rents and charges,,110.3,b. Weekly total charges mean
E09000029,2014-2015,LA rents and charges,,115.5,b. Weekly total charges mean
E09000030,2013-2014,LA rents and charges,,98.5,a. Weekly rent mean
E09000030,2014-2015,LA rents and charges,,119.9,b. Weekly total charges mean
E09000030,2015-2016,LA rents and charges,,108.4,a. Weekly rent mean
E09000030,2013-2014,LA rents and charges,,111.2,b. Weekly total charges mean
E09000030,2015-2016,LA rents and charges,,125.7,b. Weekly total charges mean
E09000030,2014-2015,LA rents and charges,,104.9,a. Weekly rent mean
E09000031,2014-2015,LA rents and charges,,100.4,b. Weekly total charges mean
E09000031,2015-2016,LA rents and charges,,101.5,b. Weekly total charges mean
E09000031,2014-2015,LA rents and charges,,98.7,a. Weekly rent mean
E09000031,2013-2014,LA rents and charges,,101,a. Weekly rent mean
E09000031,2015-2016,LA rents and charges,,99.9,a. Weekly rent mean
E09000031,2013-2014,LA rents and charges,,102.7,b. Weekly total charges mean
E09000032,2014-2015,LA rents and charges,,143.6,b. Weekly total charges mean
E09000032,2013-2014,LA rents and charges,,142.6,b. Weekly total charges mean
E09000032,2013-2014,LA rents and charges,,135.4,a. Weekly rent mean
E09000032,2014-2015,LA rents and charges,,137.3,a. Weekly rent mean
E09000032,2015-2016,LA rents and charges,,134.3,a. Weekly rent mean
E09000032,2015-2016,LA rents and charges,,141.3,b. Weekly total charges mean
E09000033,2015-2016,LA rents and charges,,132.1,b. Weekly total charges mean
E09000033,2014-2015,LA rents and charges,,131.6,b. Weekly total charges mean
E09000033,2013-2014,LA rents and charges,,126.2,b. Weekly total charges mean
E09000033,2013-2014,LA rents and charges,,117.7,a. Weekly rent mean
E09000033,2014-2015,LA rents and charges,,122.1,a. Weekly rent mean
E09000033,2015-2016,LA rents and charges,,123.5,a. Weekly rent mean
E08000002,2013-2014,LA rents and charges,,69.8,a. Weekly rent mean
E08000002,2013-2014,LA rents and charges,,71.9,b. Weekly total charges mean
E08000002,2015-2016,LA rents and charges,,73.9,b. Weekly total charges mean
E08000002,2014-2015,LA rents and charges,,73.5,b. Weekly total charges mean
E08000002,2015-2016,LA rents and charges,,72,a. Weekly rent mean
E08000002,2014-2015,LA rents and charges,,71.5,a. Weekly rent mean
E08000003,2014-2015,LA rents and charges,,71.7,a. Weekly rent mean
E08000003,2015-2016,LA rents and charges,,75.1,b. Weekly total charges mean
E08000003,2013-2014,LA rents and charges,,69.4,a. Weekly rent mean
E08000003,2013-2014,LA rents and charges,,71.1,b. Weekly total charges mean
E08000003,2014-2015,LA rents and charges,,73.8,b. Weekly total charges mean
E08000003,2015-2016,LA rents and charges,,72.5,a. Weekly rent mean
E08000004,2014-2015,LA rents and charges,,81.4,a. Weekly rent mean
E08000004,2013-2014,LA rents and charges,,79.3,b. Weekly total charges mean
E08000004,2015-2016,LA rents and charges,,86.9,b. Weekly total charges mean
E08000004,2013-2014,LA rents and charges,,70.4,a. Weekly rent mean
E08000004,2015-2016,LA rents and charges,,67,a. Weekly rent mean
E08000004,2014-2015,LA rents and charges,,85.1,b. Weekly total charges mean
E08000006,2014-2015,LA rents and charges,,79.2,b. Weekly total charges mean
E08000006,2013-2014,LA rents and charges,,76.4,b. Weekly total charges mean
E08000006,2013-2014,LA rents and charges,,70.7,a. Weekly rent mean
E08000006,2015-2016,LA rents and charges,,89.3,b. Weekly total charges mean
E08000006,2015-2016,LA rents and charges,,70.7,a. Weekly rent mean
E08000006,2014-2015,LA rents and charges,,74,a. Weekly rent mean
E08000007,2015-2016,LA rents and charges,,73.4,a. Weekly rent mean
E08000007,2013-2014,LA rents and charges,,83.3,b. Weekly total charges mean
E08000007,2013-2014,LA rents and charges,,70.6,a. Weekly rent mean
E08000007,2015-2016,LA rents and charges,,84.7,b. Weekly total charges mean
E08000007,2014-2015,LA rents and charges,,72,a. Weekly rent mean
E08000007,2014-2015,LA rents and charges,,84.4,b. Weekly total charges mean
E08000010,2014-2015,LA rents and charges,,73.8,a. Weekly rent mean
E08000010,2015-2016,LA rents and charges,,76,b. Weekly total charges mean
E08000010,2015-2016,LA rents and charges,,75.1,a. Weekly rent mean
E08000010,2013-2014,LA rents and charges,,70.1,a. Weekly rent mean
E08000010,2014-2015,LA rents and charges,,74.7,b. Weekly total charges mean
E08000010,2013-2014,LA rents and charges,,70.7,b. Weekly total charges mean
E08000016,2013-2014,LA rents and charges,,70.3,a. Weekly rent mean
E08000016,2013-2014,LA rents and charges,,70.9,b. Weekly total charges mean
E08000016,2015-2016,LA rents and charges,,74.8,a. Weekly rent mean
E08000016,2014-2015,LA rents and charges,,74.2,b. Weekly total charges mean
E08000016,2015-2016,LA rents and charges,,75.3,b. Weekly total charges mean
E08000016,2014-2015,LA rents and charges,,73.9,a. Weekly rent mean
E08000017,2015-2016,LA rents and charges,,74.4,b. Weekly total charges mean
E08000017,2015-2016,LA rents and charges,,74.3,a. Weekly rent mean
E08000017,2014-2015,LA rents and charges,,72.8,b. Weekly total charges mean
E08000017,2014-2015,LA rents and charges,,72.7,a. Weekly rent mean
E08000017,2013-2014,LA rents and charges,,65.8,b. Weekly total charges mean
E08000017,2013-2014,LA rents and charges,,65.8,a. Weekly rent mean
E08000018,2013-2014,LA rents and charges,,70.1,b. Weekly total charges mean
E08000018,2014-2015,LA rents and charges,,70.9,a. Weekly rent mean
E08000018,2013-2014,LA rents and charges,,66.6,a. Weekly rent mean
E08000018,2014-2015,LA rents and charges,,74.1,b. Weekly total charges mean
E08000018,2015-2016,LA rents and charges,,75.7,a. Weekly rent mean
E08000018,2015-2016,LA rents and charges,,77.5,b. Weekly total charges mean
E08000019,2013-2014,LA rents and charges,,66.4,a. Weekly rent mean
E08000019,2014-2015,LA rents and charges,,70,a. Weekly rent mean
E08000019,2014-2015,LA rents and charges,,71.9,b. Weekly total charges mean
E08000019,2015-2016,LA rents and charges,,72.2,b. Weekly total charges mean
E08000019,2015-2016,LA rents and charges,,71.2,a. Weekly rent mean
E08000019,2013-2014,LA rents and charges,,68.5,b. Weekly total charges mean
E08000021,2013-2014,LA rents and charges,,78,b. Weekly total charges mean
E08000021,2014-2015,LA rents and charges,,73.3,a. Weekly rent mean
E08000021,2015-2016,LA rents and charges,,75.4,a. Weekly rent mean
E08000021,2013-2014,LA rents and charges,,69.8,a. Weekly rent mean
E08000021,2015-2016,LA rents and charges,,82.8,b. Weekly total charges mean
E08000021,2014-2015,LA rents and charges,,81.1,b. Weekly total charges mean
E08000022,2013-2014,LA rents and charges,,68.2,a. Weekly rent mean
E08000022,2014-2015,LA rents and charges,,74.2,b. Weekly total charges mean
E08000022,2014-2015,LA rents and charges,,73.4,a. Weekly rent mean
E08000022,2015-2016,LA rents and charges,,75.9,a. Weekly rent mean
E08000022,2015-2016,LA rents and charges,,76.1,b. Weekly total charges mean
E08000022,2013-2014,LA rents and charges,,68.3,b. Weekly total charges mean
E08000023,2014-2015,LA rents and charges,,72.1,b. Weekly total charges mean
E08000023,2015-2016,LA rents and charges,,73.3,a. Weekly rent mean
E08000023,2015-2016,LA rents and charges,,73.8,b. Weekly total charges mean
E08000023,2014-2015,LA rents and charges,,71.4,a. Weekly rent mean
E08000023,2013-2014,LA rents and charges,,68.5,a. Weekly rent mean
E08000023,2013-2014,LA rents and charges,,68.9,b. Weekly total charges mean
E08000025,2015-2016,LA rents and charges,,83.6,a. Weekly rent mean
E08000025,2013-2014,LA rents and charges,,83.8,b. Weekly total charges mean
E08000025,2014-2015,LA rents and charges,,85,b. Weekly total charges mean
E08000025,2013-2014,LA rents and charges,,77.1,a. Weekly rent mean
E08000025,2014-2015,LA rents and charges,,79.4,a. Weekly rent mean
E08000025,2015-2016,LA rents and charges,,87.4,b. Weekly total charges mean
E08000027,2014-2015,LA rents and charges,,75.9,b. Weekly total charges mean
E08000027,2015-2016,LA rents and charges,,76.2,b. Weekly total charges mean
E08000027,2013-2014,LA rents and charges,,75.8,b. Weekly total charges mean
E08000027,2013-2014,LA rents and charges,,75.7,a. Weekly rent mean
E08000027,2015-2016,LA rents and charges,,76,a. Weekly rent mean
E08000027,2014-2015,LA rents and charges,,75.9,a. Weekly rent mean
E08000028,2015-2016,LA rents and charges,,81.3,b. Weekly total charges mean
E08000028,2014-2015,LA rents and charges,,80.9,b. Weekly total charges mean
E08000028,2014-2015,LA rents and charges,,77.6,a. Weekly rent mean
E08000028,2015-2016,LA rents and charges,,78.1,a. Weekly rent mean
E08000028,2013-2014,LA rents and charges,,80.8,b. Weekly total charges mean
E08000028,2013-2014,LA rents and charges,,77.8,a. Weekly rent mean
E08000029,2013-2014,LA rents and charges,,73.2,a. Weekly rent mean
E08000029,2015-2016,LA rents and charges,,79.9,a. Weekly rent mean
E08000029,2014-2015,LA rents and charges,,80.6,b. Weekly total charges mean
E08000029,2015-2016,LA rents and charges,,83.2,b. Weekly total charges mean
E08000029,2014-2015,LA rents and charges,,76.8,a. Weekly rent mean
E08000029,2013-2014,LA rents and charges,,76.5,b. Weekly total charges mean
E08000031,2013-2014,LA rents and charges,,71.3,a. Weekly rent mean
E08000031,2014-2015,LA rents and charges,,75.3,a. Weekly rent mean
E08000031,2015-2016,LA rents and charges,,82.5,b. Weekly total charges mean
E08000031,2013-2014,LA rents and charges,,76.5,b. Weekly total charges mean
E08000031,2015-2016,LA rents and charges,,77.2,a. Weekly rent mean
E08000031,2014-2015,LA rents and charges,,80.8,b. Weekly total charges mean
E08000032,2015-2016,LA rents and charges,,118.2,b. Weekly total charges mean
E08000032,2015-2016,LA rents and charges,,101.6,a. Weekly rent mean
E08000034,2014-2015,LA rents and charges,,61.8,a. Weekly rent mean
E08000034,2013-2014,LA rents and charges,,65.8,a. Weekly rent mean
E08000034,2015-2016,LA rents and charges,,62.6,a. Weekly rent mean
E08000034,2013-2014,LA rents and charges,,69,b. Weekly total charges mean
E08000034,2014-2015,LA rents and charges,,63.9,b. Weekly total charges mean
E08000034,2015-2016,LA rents and charges,,64.7,b. Weekly total charges mean
E08000035,2014-2015,LA rents and charges,,72.4,b. Weekly total charges mean
E08000035,2015-2016,LA rents and charges,,73.6,a. Weekly rent mean
E08000035,2014-2015,LA rents and charges,,71.3,a. Weekly rent mean
E08000035,2015-2016,LA rents and charges,,74.8,b. Weekly total charges mean
E08000035,2013-2014,LA rents and charges,,65.7,b. Weekly total charges mean
E08000035,2013-2014,LA rents and charges,,64.4,a. Weekly rent mean
E07000008,2015-2016,LA rents and charges,,106,b. Weekly total charges mean
E07000008,2014-2015,LA rents and charges,,107.5,b. Weekly total charges mean
E07000008,2013-2014,LA rents and charges,,100.4,b. Weekly total charges mean
E07000008,2014-2015,LA rents and charges,,102,a. Weekly rent mean
E07000008,2013-2014,LA rents and charges,,94.8,a. Weekly rent mean
E07000008,2015-2016,LA rents and charges,,101.3,a. Weekly rent mean
E07000012,2014-2015,LA rents and charges,,104.5,a. Weekly rent mean
E07000012,2015-2016,LA rents and charges,,108.4,b. Weekly total charges mean
E07000012,2013-2014,LA rents and charges,,101.8,b. Weekly total charges mean
E07000012,2013-2014,LA rents and charges,,101.6,a. Weekly rent mean
E07000012,2014-2015,LA rents and charges,,105,b. Weekly total charges mean
E07000012,2015-2016,LA rents and charges,,108.1,a. Weekly rent mean
E07000027,2013-2014,LA rents and charges,,69.6,b. Weekly total charges mean
E07000027,2015-2016,LA rents and charges,,74.3,b. Weekly total charges mean
E07000027,2015-2016,LA rents and charges,,73.5,a. Weekly rent mean
E07000027,2014-2015,LA rents and charges,,71.6,b. Weekly total charges mean
E07000027,2014-2015,LA rents and charges,,70.9,a. Weekly rent mean
E07000027,2013-2014,LA rents and charges,,68.8,a. Weekly rent mean
E07000033,2013-2014,LA rents and charges,,72.5,a. Weekly rent mean
E07000033,2015-2016,LA rents and charges,,82.7,a. Weekly rent mean
E07000033,2013-2014,LA rents and charges,,72.7,b. Weekly total charges mean
E07000033,2014-2015,LA rents and charges,,77.6,a. Weekly rent mean
E07000033,2014-2015,LA rents and charges,,77.8,b. Weekly total charges mean
E07000033,2015-2016,LA rents and charges,,82.9,b. Weekly total charges mean
E07000034,2015-2016,LA rents and charges,,79.1,b. Weekly total charges mean
E07000034,2015-2016,LA rents and charges,,78.5,a. Weekly rent mean
E07000034,2014-2015,LA rents and charges,,76.1,b. Weekly total charges mean
E07000034,2013-2014,LA rents and charges,,71.7,b. Weekly total charges mean
E07000034,2013-2014,LA rents and charges,,71,a. Weekly rent mean
E07000034,2014-2015,LA rents and charges,,75.7,a. Weekly rent mean
E06000032,2015-2016,LA rents and charges,,84.7,a. Weekly rent mean
E06000032,2013-2014,LA rents and charges,,82.2,a. Weekly rent mean
E06000032,2014-2015,LA rents and charges,,82.9,a. Weekly rent mean
E06000032,2015-2016,LA rents and charges,,91.3,b. Weekly total charges mean
E06000032,2013-2014,LA rents and charges,,88.3,b. Weekly total charges mean
E06000032,2014-2015,LA rents and charges,,88.6,b. Weekly total charges mean
E06000033,2014-2015,LA rents and charges,,91.5,b. Weekly total charges mean
E06000033,2015-2016,LA rents and charges,,94.2,b. Weekly total charges mean
E06000033,2015-2016,LA rents and charges,,84.7,a. Weekly rent mean
E06000033,2014-2015,LA rents and charges,,83,a. Weekly rent mean
E06000033,2013-2014,LA rents and charges,,84.2,b. Weekly total charges mean
E06000033,2013-2014,LA rents and charges,,76.4,a. Weekly rent mean
E06000034,2013-2014,LA rents and charges,,90.4,b. Weekly total charges mean
E06000034,2014-2015,LA rents and charges,,89.6,b. Weekly total charges mean
E06000034,2014-2015,LA rents and charges,,84.4,a. Weekly rent mean
E06000034,2015-2016,LA rents and charges,,96.6,b. Weekly total charges mean
E06000034,2015-2016,LA rents and charges,,87.1,a. Weekly rent mean
E06000034,2013-2014,LA rents and charges,,90.4,a. Weekly rent mean
E06000038,2013-2014,LA rents and charges,,94.2,a. Weekly rent mean
E06000038,2015-2016,LA rents and charges,,103.6,a. Weekly rent mean
E06000038,2014-2015,LA rents and charges,,99.8,a. Weekly rent mean
E06000038,2013-2014,LA rents and charges,,95.9,b. Weekly total charges mean
E06000038,2014-2015,LA rents and charges,,101.5,b. Weekly total charges mean
E06000038,2015-2016,LA rents and charges,,105.4,b. Weekly total charges mean
E06000039,2015-2016,LA rents and charges,,113.2,a. Weekly rent mean
E06000039,2014-2015,LA rents and charges,,110,b. Weekly total charges mean
E06000039,2015-2016,LA rents and charges,,119.8,b. Weekly total charges mean
E06000039,2014-2015,LA rents and charges,,105.5,a. Weekly rent mean
E06000039,2013-2014,LA rents and charges,,102.8,a. Weekly rent mean
E06000039,2013-2014,LA rents and charges,,109.3,b. Weekly total charges mean
E06000041,2014-2015,LA rents and charges,,106,b. Weekly total charges mean
E06000041,2013-2014,LA rents and charges,,104.6,a. Weekly rent mean
E06000041,2015-2016,LA rents and charges,,109.4,b. Weekly total charges mean
E06000041,2015-2016,LA rents and charges,,108.5,a. Weekly rent mean
E06000041,2013-2014,LA rents and charges,,105,b. Weekly total charges mean
E06000041,2014-2015,LA rents and charges,,105.8,a. Weekly rent mean
E06000042,2015-2016,LA rents and charges,,83.7,b. Weekly total charges mean
E06000042,2014-2015,LA rents and charges,,82.9,b. Weekly total charges mean
E06000042,2015-2016,LA rents and charges,,83.1,a. Weekly rent mean
E06000042,2014-2015,LA rents and charges,,82.2,a. Weekly rent mean
E06000042,2013-2014,LA rents and charges,,84.6,b. Weekly total charges mean
E06000042,2013-2014,LA rents and charges,,81.8,a. Weekly rent mean
E06000044,2013-2014,LA rents and charges,,76.8,a. Weekly rent mean
E06000044,2015-2016,LA rents and charges,,95.9,b. Weekly total charges mean
E06000044,2014-2015,LA rents and charges,,92.9,b. Weekly total charges mean
E06000044,2014-2015,LA rents and charges,,82.6,a. Weekly rent mean
E06000044,2013-2014,LA rents and charges,,82.7,b. Weekly total charges mean
E06000044,2015-2016,LA rents and charges,,85.1,a. Weekly rent mean
E06000045,2015-2016,LA rents and charges,,84.4,a. Weekly rent mean
E06000045,2013-2014,LA rents and charges,,86.8,b. Weekly total charges mean
E06000045,2014-2015,LA rents and charges,,82.3,a. Weekly rent mean
E06000045,2013-2014,LA rents and charges,,79.1,a. Weekly rent mean
E06000045,2014-2015,LA rents and charges,,89.8,b. Weekly total charges mean
E06000045,2015-2016,LA rents and charges,,91.3,b. Weekly total charges mean
E09000001,2015-2016,LA rents and charges,,125,b. Weekly total charges mean
E09000001,2013-2014,LA rents and charges,,125.2,b. Weekly total charges mean
E09000001,2015-2016,LA rents and charges,,107.9,a. Weekly rent mean
E09000001,2014-2015,LA rents and charges,,124,b. Weekly total charges mean
E09000001,2014-2015,LA rents and charges,,106.6,a. Weekly rent mean
E09000001,2013-2014,LA rents and charges,,102.3,a. Weekly rent mean
E09000002,2014-2015,LA rents and charges,,92.3,a. Weekly rent mean
E09000002,2015-2016,LA rents and charges,,108.1,b. Weekly total charges mean
E09000002,2015-2016,LA rents and charges,,91.8,a. Weekly rent mean
E09000002,2013-2014,LA rents and charges,,87.5,a. Weekly rent mean
E09000002,2013-2014,LA rents and charges,,102.1,b. Weekly total charges mean
E09000002,2014-2015,LA rents and charges,,106,b. Weekly total charges mean
E09000003,2013-2014,LA rents and charges,,101.7,b. Weekly total charges mean
E09000003,2013-2014,LA rents and charges,,98.5,a. Weekly rent mean
E09000003,2015-2016,LA rents and charges,,106,a. Weekly rent mean
E09000003,2014-2015,LA rents and charges,,100.7,a. Weekly rent mean
E09000003,2014-2015,LA rents and charges,,102.7,b. Weekly total charges mean
E09000003,2015-2016,LA rents and charges,,113.4,b. Weekly total charges mean
E09000005,2013-2014,LA rents and charges,,119,b. Weekly total charges mean
E09000005,2014-2015,LA rents and charges,,122.5,b. Weekly total charges mean
E09000005,2015-2016,LA rents and charges,,129.4,b. Weekly total charges mean
E09000005,2014-2015,LA rents and charges,,120,a. Weekly rent mean
E09000005,2013-2014,LA rents and charges,,111.4,a. Weekly rent mean
E09000005,2015-2016,LA rents and charges,,128.3,a. Weekly rent mean
E09000007,2013-2014,LA rents and charges,,102.9,a. Weekly rent mean
E09000007,2014-2015,LA rents and charges,,108.5,a. Weekly rent mean
E09000007,2014-2015,LA rents and charges,,115.2,b. Weekly total charges mean
E09000007,2013-2014,LA rents and charges,,110.1,b. Weekly total charges mean
E09000007,2015-2016,LA rents and charges,,115.8,a. Weekly rent mean
E09000007,2015-2016,LA rents and charges,,122.4,b. Weekly total charges mean
E07000037,2014-2015,LA rents and charges,,72.9,b. Weekly total charges mean
E07000037,2013-2014,LA rents and charges,,68,a. Weekly rent mean
E07000037,2015-2016,LA rents and charges,,68.7,a. Weekly rent mean
E07000037,2014-2015,LA rents and charges,,68.1,a. Weekly rent mean
E07000037,2015-2016,LA rents and charges,,74.5,b. Weekly total charges mean
E07000037,2013-2014,LA rents and charges,,71.4,b. Weekly total charges mean
E07000038,2015-2016,LA rents and charges,,87.9,b. Weekly total charges mean
E07000038,2014-2015,LA rents and charges,,85.7,b. Weekly total charges mean
E07000038,2015-2016,LA rents and charges,,87.9,a. Weekly rent mean
E07000038,2013-2014,LA rents and charges,,79.5,a. Weekly rent mean
E07000038,2014-2015,LA rents and charges,,85.7,a. Weekly rent mean
E07000038,2013-2014,LA rents and charges,,79.5,b. Weekly total charges mean
E07000039,2014-2015,LA rents and charges,,78.3,b. Weekly total charges mean
E07000039,2015-2016,LA rents and charges,,81.7,a. Weekly rent mean
E07000039,2013-2014,LA rents and charges,,75.5,a. Weekly rent mean
E07000039,2015-2016,LA rents and charges,,81.7,b. Weekly total charges mean
E07000039,2013-2014,LA rents and charges,,75.5,b. Weekly total charges mean
E07000039,2014-2015,LA rents and charges,,78.3,a. Weekly rent mean
E07000040,2014-2015,LA rents and charges,,78.7,a. Weekly rent mean
E07000040,2015-2016,LA rents and charges,,80.9,a. Weekly rent mean
E07000040,2013-2014,LA rents and charges,,74.5,b. Weekly total charges mean
E07000040,2014-2015,LA rents and charges,,79.7,b. Weekly total charges mean
E07000040,2013-2014,LA rents and charges,,74,a. Weekly rent mean
E07000040,2015-2016,LA rents and charges,,81.6,b. Weekly total charges mean
E07000041,2014-2015,LA rents and charges,,77.4,b. Weekly total charges mean
E07000041,2013-2014,LA rents and charges,,77.3,b. Weekly total charges mean
E07000041,2014-2015,LA rents and charges,,74.5,a. Weekly rent mean
E07000041,2013-2014,LA rents and charges,,73.9,a. Weekly rent mean
E07000041,2015-2016,LA rents and charges,,80.2,b. Weekly total charges mean
E07000041,2015-2016,LA rents and charges,,77.4,a. Weekly rent mean
E07000042,2015-2016,LA rents and charges,,79.6,a. Weekly rent mean
E07000042,2013-2014,LA rents and charges,,75.8,a. Weekly rent mean
E07000042,2015-2016,LA rents and charges,,79.6,b. Weekly total charges mean
E07000042,2014-2015,LA rents and charges,,78.9,b. Weekly total charges mean
E07000042,2014-2015,LA rents and charges,,78.9,a. Weekly rent mean
E07000042,2013-2014,LA rents and charges,,75.8,b. Weekly total charges mean
E07000061,2013-2014,LA rents and charges,,73.2,a. Weekly rent mean
E07000061,2013-2014,LA rents and charges,,83,b. Weekly total charges mean
E07000061,2015-2016,LA rents and charges,,90.8,b. Weekly total charges mean
E07000061,2014-2015,LA rents and charges,,78,a. Weekly rent mean
E07000061,2014-2015,LA rents and charges,,85.2,b. Weekly total charges mean
E07000061,2015-2016,LA rents and charges,,82,a. Weekly rent mean
E07000063,2015-2016,LA rents and charges,,89.7,b. Weekly total charges mean
E07000063,2013-2014,LA rents and charges,,85.3,b. Weekly total charges mean
E07000063,2015-2016,LA rents and charges,,87.7,a. Weekly rent mean
E07000063,2013-2014,LA rents and charges,,82.2,a. Weekly rent mean
E07000063,2014-2015,LA rents and charges,,84.4,a. Weekly rent mean
E07000063,2014-2015,LA rents and charges,,86.9,b. Weekly total charges mean
E07000065,2015-2016,LA rents and charges,,87.1,a. Weekly rent mean
E07000065,2013-2014,LA rents and charges,,83.1,a. Weekly rent mean
E07000065,2014-2015,LA rents and charges,,99.2,a. Weekly rent mean
E07000065,2014-2015,LA rents and charges,,100,b. Weekly total charges mean
E07000065,2015-2016,LA rents and charges,,90,b. Weekly total charges mean
E07000065,2013-2014,LA rents and charges,,83.7,b. Weekly total charges mean
E07000066,2014-2015,LA rents and charges,,89.9,a. Weekly rent mean
E07000066,2014-2015,LA rents and charges,,90.7,b. Weekly total charges mean
E07000066,2015-2016,LA rents and charges,,87.9,a. Weekly rent mean
E07000066,2015-2016,LA rents and charges,,87.9,b. Weekly total charges mean
E07000066,2013-2014,LA rents and charges,,76.9,a. Weekly rent mean
E07000066,2013-2014,LA rents and charges,,85.6,b. Weekly total charges mean
E07000068,2014-2015,LA rents and charges,,91.2,a. Weekly rent mean
E07000068,2013-2014,LA rents and charges,,87.4,b. Weekly total charges mean
E07000068,2015-2016,LA rents and charges,,95.7,a. Weekly rent mean
E07000068,2014-2015,LA rents and charges,,93.3,b. Weekly total charges mean
E07000068,2013-2014,LA rents and charges,,85,a. Weekly rent mean
E07000068,2015-2016,LA rents and charges,,99.1,b. Weekly total charges mean
E07000069,2014-2015,LA rents and charges,,85.9,b. Weekly total charges mean
E07000069,2015-2016,LA rents and charges,,87.7,b. Weekly total charges mean
E07000069,2013-2014,LA rents and charges,,84.9,b. Weekly total charges mean
E07000069,2013-2014,LA rents and charges,,84.3,a. Weekly rent mean
E07000069,2015-2016,LA rents and charges,,87.3,a. Weekly rent mean
E07000069,2014-2015,LA rents and charges,,85.2,a. Weekly rent mean
E07000071,2015-2016,LA rents and charges,,91.4,b. Weekly total charges mean
E07000071,2014-2015,LA rents and charges,,83.9,a. Weekly rent mean
E07000071,2013-2014,LA rents and charges,,80.1,a. Weekly rent mean
E07000071,2013-2014,LA rents and charges,,83.6,b. Weekly total charges mean
E07000071,2014-2015,LA rents and charges,,87.7,b. Weekly total charges mean
E07000071,2015-2016,LA rents and charges,,87.2,a. Weekly rent mean
E07000072,2013-2014,LA rents and charges,,92.1,b. Weekly total charges mean
E07000072,2014-2015,LA rents and charges,,97.3,a. Weekly rent mean
E07000072,2013-2014,LA rents and charges,,89.5,a. Weekly rent mean
E07000072,2015-2016,LA rents and charges,,97.9,a. Weekly rent mean
E07000072,2014-2015,LA rents and charges,,100,b. Weekly total charges mean
E07000072,2015-2016,LA rents and charges,,100,b. Weekly total charges mean
E07000073,2015-2016,LA rents and charges,,89,a. Weekly rent mean
E07000073,2014-2015,LA rents and charges,,86.5,a. Weekly rent mean
E07000073,2015-2016,LA rents and charges,,91.8,b. Weekly total charges mean
E07000073,2013-2014,LA rents and charges,,82,a. Weekly rent mean
E07000073,2014-2015,LA rents and charges,,89.6,b. Weekly total charges mean
E07000073,2013-2014,LA rents and charges,,85.3,b. Weekly total charges mean
E07000076,2015-2016,LA rents and charges,,81.8,b. Weekly total charges mean
E07000076,2013-2014,LA rents and charges,,75.8,a. Weekly rent mean
E07000076,2014-2015,LA rents and charges,,81,b. Weekly total charges mean
E07000076,2014-2015,LA rents and charges,,79.1,a. Weekly rent mean
E07000076,2013-2014,LA rents and charges,,77.9,b. Weekly total charges mean
E07000076,2015-2016,LA rents and charges,,80,a. Weekly rent mean
E07000077,2015-2016,LA rents and charges,,104.7,b. Weekly total charges mean
E07000077,2013-2014,LA rents and charges,,98.1,a. Weekly rent mean
E07000077,2013-2014,LA rents and charges,,100.1,b. Weekly total charges mean
E07000077,2015-2016,LA rents and charges,,102.7,a. Weekly rent mean
E07000077,2014-2015,LA rents and charges,,96.8,a. Weekly rent mean
E07000077,2014-2015,LA rents and charges,,99,b. Weekly total charges mean
E07000078,2013-2014,LA rents and charges,,74.4,a. Weekly rent mean
E07000078,2015-2016,LA rents and charges,,82.1,b. Weekly total charges mean
E07000078,2014-2015,LA rents and charges,,76.9,a. Weekly rent mean
E07000078,2015-2016,LA rents and charges,,79.6,a. Weekly rent mean
E07000078,2014-2015,LA rents and charges,,79.4,b. Weekly total charges mean
E07000078,2013-2014,LA rents and charges,,77,b. Weekly total charges mean
E07000081,2013-2014,LA rents and charges,,75.6,b. Weekly total charges mean
E07000081,2014-2015,LA rents and charges,,73.6,a. Weekly rent mean
E07000081,2014-2015,LA rents and charges,,78.2,b. Weekly total charges mean
E07000081,2013-2014,LA rents and charges,,72.2,a. Weekly rent mean
E07000082,2015-2016,LA rents and charges,,87.2,b. Weekly total charges mean
E07000082,2015-2016,LA rents and charges,,85.9,a. Weekly rent mean
E07000082,2014-2015,LA rents and charges,,79.6,b. Weekly total charges mean
E07000082,2013-2014,LA rents and charges,,78.3,b. Weekly total charges mean
E07000082,2014-2015,LA rents and charges,,78.7,a. Weekly rent mean
E07000082,2013-2014,LA rents and charges,,77.3,a. Weekly rent mean
E07000087,2013-2014,LA rents and charges,,88,a. Weekly rent mean
E07000087,2013-2014,LA rents and charges,,88.2,b. Weekly total charges mean
E07000087,2014-2015,LA rents and charges,,88.6,b. Weekly total charges mean
E07000087,2015-2016,LA rents and charges,,92.7,a. Weekly rent mean
E07000087,2014-2015,LA rents and charges,,88.5,a. Weekly rent mean
E07000087,2015-2016,LA rents and charges,,92.8,b. Weekly total charges mean
E07000088,2015-2016,LA rents and charges,,79.5,a. Weekly rent mean
E07000088,2014-2015,LA rents and charges,,76.2,a. Weekly rent mean
E07000088,2014-2015,LA rents and charges,,79.8,b. Weekly total charges mean
E07000088,2015-2016,LA rents and charges,,83,b. Weekly total charges mean
E07000088,2013-2014,LA rents and charges,,78.1,b. Weekly total charges mean
E07000088,2013-2014,LA rents and charges,,74.7,a. Weekly rent mean
E07000090,2013-2014,LA rents and charges,,77.8,a. Weekly rent mean
E07000090,2014-2015,LA rents and charges,,82.4,a. Weekly rent mean
E07000090,2015-2016,LA rents and charges,,84.6,a. Weekly rent mean
E07000090,2015-2016,LA rents and charges,,93.1,b. Weekly total charges mean
E07000090,2014-2015,LA rents and charges,,90.5,b. Weekly total charges mean
E07000090,2013-2014,LA rents and charges,,83.7,b. Weekly total charges mean
E07000091,2014-2015,LA rents and charges,,96.6,a. Weekly rent mean
E07000091,2014-2015,LA rents and charges,,100.3,b. Weekly total charges mean
E07000091,2015-2016,LA rents and charges,,102.3,b. Weekly total charges mean
E07000091,2015-2016,LA rents and charges,,99.5,a. Weekly rent mean
E07000091,2013-2014,LA rents and charges,,92.5,a. Weekly rent mean
E07000091,2013-2014,LA rents and charges,,96.2,b. Weekly total charges mean
E07000094,2014-2015,LA rents and charges,,101.6,b. Weekly total charges mean
E07000094,2013-2014,LA rents and charges,,99.2,b. Weekly total charges mean
E07000094,2014-2015,LA rents and charges,,99,a. Weekly rent mean
E07000094,2015-2016,LA rents and charges,,107,b. Weekly total charges mean
E07000094,2015-2016,LA rents and charges,,104.8,a. Weekly rent mean
E07000094,2013-2014,LA rents and charges,,96.8,a. Weekly rent mean
E07000095,2015-2016,LA rents and charges,,107.9,a. Weekly rent mean
E07000095,2015-2016,LA rents and charges,,117.3,b. Weekly total charges mean
E07000095,2014-2015,LA rents and charges,,113.4,b. Weekly total charges mean
E07000095,2014-2015,LA rents and charges,,104.2,a. Weekly rent mean
E07000095,2013-2014,LA rents and charges,,94,a. Weekly rent mean
E07000095,2013-2014,LA rents and charges,,102.2,b. Weekly total charges mean
E07000096,2013-2014,LA rents and charges,,101.7,a. Weekly rent mean
E07000096,2015-2016,LA rents and charges,,108.5,a. Weekly rent mean
E07000096,2014-2015,LA rents and charges,,105.2,b. Weekly total charges mean
E07000096,2014-2015,LA rents and charges,,104.3,a. Weekly rent mean
E07000096,2015-2016,LA rents and charges,,108.6,b. Weekly total charges mean
E07000096,2013-2014,LA rents and charges,,101.9,b. Weekly total charges mean
E07000098,2015-2016,LA rents and charges,,111.1,b. Weekly total charges mean
E07000098,2015-2016,LA rents and charges,,108.6,a. Weekly rent mean
E07000098,2014-2015,LA rents and charges,,103,a. Weekly rent mean
E07000098,2013-2014,LA rents and charges,,102.8,b. Weekly total charges mean
E07000098,2014-2015,LA rents and charges,,105.5,b. Weekly total charges mean
E07000098,2013-2014,LA rents and charges,,101,a. Weekly rent mean
E07000105,2014-2015,LA rents and charges,,87.1,b. Weekly total charges mean
E07000105,2015-2016,LA rents and charges,,87.5,a. Weekly rent mean
E07000105,2015-2016,LA rents and charges,,88.3,b. Weekly total charges mean
E07000105,2014-2015,LA rents and charges,,86.4,a. Weekly rent mean
E07000105,2013-2014,LA rents and charges,,81.4,a. Weekly rent mean
E07000105,2013-2014,LA rents and charges,,82.7,b. Weekly total charges mean
E07000106,2013-2014,LA rents and charges,,81.3,a. Weekly rent mean
E07000106,2015-2016,LA rents and charges,,88.5,a. Weekly rent mean
E07000106,2014-2015,LA rents and charges,,83.1,b. Weekly total charges mean
E07000106,2013-2014,LA rents and charges,,82.7,b. Weekly total charges mean
E07000106,2015-2016,LA rents and charges,,90.3,b. Weekly total charges mean
E07000106,2014-2015,LA rents and charges,,81.4,a. Weekly rent mean
E07000107,2015-2016,LA rents and charges,,87.8,a. Weekly rent mean
E07000107,2013-2014,LA rents and charges,,85,b. Weekly total charges mean
E07000107,2014-2015,LA rents and charges,,86.7,a. Weekly rent mean
E07000107,2015-2016,LA rents and charges,,87.8,b. Weekly total charges mean
E07000107,2013-2014,LA rents and charges,,84.7,a. Weekly rent mean
E07000107,2014-2015,LA rents and charges,,86.8,b. Weekly total charges mean
E07000108,2015-2016,LA rents and charges,,85.6,b. Weekly total charges mean
E07000108,2013-2014,LA rents and charges,,79.8,a. Weekly rent mean
E07000108,2013-2014,LA rents and charges,,80.7,b. Weekly total charges mean
E07000108,2014-2015,LA rents and charges,,82.5,a. Weekly rent mean
E07000108,2014-2015,LA rents and charges,,84.1,b. Weekly total charges mean
E07000108,2015-2016,LA rents and charges,,84,a. Weekly rent mean
E07000109,2013-2014,LA rents and charges,,79.2,a. Weekly rent mean
E07000109,2014-2015,LA rents and charges,,87.8,b. Weekly total charges mean
E07000109,2014-2015,LA rents and charges,,83.9,a. Weekly rent mean
E07000109,2013-2014,LA rents and charges,,82.5,b. Weekly total charges mean
E07000109,2015-2016,LA rents and charges,,88.6,b. Weekly total charges mean
E07000109,2015-2016,LA rents and charges,,84.7,a. Weekly rent mean
E07000112,2015-2016,LA rents and charges,,86.5,a. Weekly rent mean
E07000112,2013-2014,LA rents and charges,,83.4,a. Weekly rent mean
E07000112,2014-2015,LA rents and charges,,85.7,b. Weekly total charges mean
E07000112,2015-2016,LA rents and charges,,88.2,b. Weekly total charges mean
E07000112,2013-2014,LA rents and charges,,84.6,b. Weekly total charges mean
E07000112,2014-2015,LA rents and charges,,83.7,a. Weekly rent mean
E07000114,2014-2015,LA rents and charges,,76.7,a. Weekly rent mean
E07000114,2013-2014,LA rents and charges,,72.4,a. Weekly rent mean
E07000114,2015-2016,LA rents and charges,,80.2,a. Weekly rent mean
E07000114,2014-2015,LA rents and charges,,80.8,b. Weekly total charges mean
E07000114,2015-2016,LA rents and charges,,83.8,b. Weekly total charges mean
E07000114,2013-2014,LA rents and charges,,76.1,b. Weekly total charges mean
E07000121,2015-2016,LA rents and charges,,72.5,b. Weekly total charges mean
E07000121,2013-2014,LA rents and charges,,68,a. Weekly rent mean
E07000121,2014-2015,LA rents and charges,,71.6,b. Weekly total charges mean
E07000121,2014-2015,LA rents and charges,,68.6,a. Weekly rent mean
E07000121,2015-2016,LA rents and charges,,69.3,a. Weekly rent mean
E07000121,2013-2014,LA rents and charges,,71.1,b. Weekly total charges mean
E07000127,2013-2014,LA rents and charges,,71.3,a. Weekly rent mean
E07000127,2015-2016,LA rents and charges,,76.2,a. Weekly rent mean
E07000127,2014-2015,LA rents and charges,,75.9,b. Weekly total charges mean
E07000127,2014-2015,LA rents and charges,,73,a. Weekly rent mean
E07000127,2013-2014,LA rents and charges,,74.2,b. Weekly total charges mean
E07000127,2015-2016,LA rents and charges,,78.8,b. Weekly total charges mean
E07000130,2015-2016,LA rents and charges,,72.1,a. Weekly rent mean
E07000130,2013-2014,LA rents and charges,,69.6,b. Weekly total charges mean
E07000130,2014-2015,LA rents and charges,,72.3,a. Weekly rent mean
E07000130,2015-2016,LA rents and charges,,72.3,b. Weekly total charges mean
E07000130,2013-2014,LA rents and charges,,69.5,a. Weekly rent mean
E07000130,2014-2015,LA rents and charges,,72.3,b. Weekly total charges mean
E07000132,2015-2016,LA rents and charges,,81.6,a. Weekly rent mean
E07000132,2013-2014,LA rents and charges,,72.3,a. Weekly rent mean
E07000132,2015-2016,LA rents and charges,,81.7,b. Weekly total charges mean
E07000132,2014-2015,LA rents and charges,,75.2,a. Weekly rent mean
E07000132,2014-2015,LA rents and charges,,75.2,b. Weekly total charges mean
E07000132,2013-2014,LA rents and charges,,72.3,b. Weekly total charges mean
E07000133,2013-2014,LA rents and charges,,73.6,a. Weekly rent mean
E07000133,2015-2016,LA rents and charges,,80.4,a. Weekly rent mean
E07000133,2013-2014,LA rents and charges,,75.3,b. Weekly total charges mean
E07000133,2014-2015,LA rents and charges,,77.7,a. Weekly rent mean
E07000133,2014-2015,LA rents and charges,,83.1,b. Weekly total charges mean
E07000133,2015-2016,LA rents and charges,,86,b. Weekly total charges mean
E07000134,2013-2014,LA rents and charges,,74.7,a. Weekly rent mean
E07000134,2013-2014,LA rents and charges,,75.5,b. Weekly total charges mean
E07000134,2014-2015,LA rents and charges,,80.2,b. Weekly total charges mean
E07000134,2015-2016,LA rents and charges,,79.8,a. Weekly rent mean
E07000134,2015-2016,LA rents and charges,,80.8,b. Weekly total charges mean
E07000134,2014-2015,LA rents and charges,,79.4,a. Weekly rent mean
E07000135,2015-2016,LA rents and charges,,77.2,b. Weekly total charges mean
E07000135,2015-2016,LA rents and charges,,76.7,a. Weekly rent mean
E07000135,2014-2015,LA rents and charges,,75.5,a. Weekly rent mean
E07000135,2014-2015,LA rents and charges,,75.5,b. Weekly total charges mean
E07000135,2013-2014,LA rents and charges,,70.1,a. Weekly rent mean
E07000135,2013-2014,LA rents and charges,,71.1,b. Weekly total charges mean
E07000138,2013-2014,LA rents and charges,,65.1,b. Weekly total charges mean
E07000138,2015-2016,LA rents and charges,,70.2,b. Weekly total charges mean
E07000138,2013-2014,LA rents and charges,,64.3,a. Weekly rent mean
E07000138,2014-2015,LA rents and charges,,67.2,a. Weekly rent mean
E07000138,2014-2015,LA rents and charges,,67.4,b. Weekly total charges mean
E07000138,2015-2016,LA rents and charges,,70.2,a. Weekly rent mean
E07000139,2013-2014,LA rents and charges,,75.2,b. Weekly total charges mean
E07000139,2014-2015,LA rents and charges,,77.7,b. Weekly total charges mean
E07000139,2014-2015,LA rents and charges,,77.6,a. Weekly rent mean
E07000139,2013-2014,LA rents and charges,,74.1,a. Weekly rent mean
E07000139,2015-2016,LA rents and charges,,78.4,a. Weekly rent mean
E07000139,2015-2016,LA rents and charges,,78.4,b. Weekly total charges mean
E07000140,2014-2015,LA rents and charges,,79.7,b. Weekly total charges mean
E07000140,2013-2014,LA rents and charges,,75.2,a. Weekly rent mean
E07000140,2013-2014,LA rents and charges,,75.9,b. Weekly total charges mean
E07000140,2015-2016,LA rents and charges,,80.5,b. Weekly total charges mean
E07000140,2014-2015,LA rents and charges,,78.4,a. Weekly rent mean
E07000140,2015-2016,LA rents and charges,,79.3,a. Weekly rent mean
E07000141,2015-2016,LA rents and charges,,81,a. Weekly rent mean
E07000141,2013-2014,LA rents and charges,,76.5,b. Weekly total charges mean
E07000141,2014-2015,LA rents and charges,,79.9,b. Weekly total charges mean
E07000141,2014-2015,LA rents and charges,,79.1,a. Weekly rent mean
E07000141,2015-2016,LA rents and charges,,81.2,b. Weekly total charges mean
E07000141,2013-2014,LA rents and charges,,75.8,a. Weekly rent mean
E07000145,2013-2014,LA rents and charges,,68.8,a. Weekly rent mean
E07000145,2014-2015,LA rents and charges,,72.6,a. Weekly rent mean
E07000145,2015-2016,LA rents and charges,,76.8,b. Weekly total charges mean
E07000145,2015-2016,LA rents and charges,,74.9,a. Weekly rent mean
E07000145,2014-2015,LA rents and charges,,74,b. Weekly total charges mean
E07000145,2013-2014,LA rents and charges,,69.8,b. Weekly total charges mean
E07000148,2013-2014,LA rents and charges,,77.2,b. Weekly total charges mean
E07000148,2014-2015,LA rents and charges,,79.1,b. Weekly total charges mean
E07000148,2015-2016,LA rents and charges,,77.3,a. Weekly rent mean
E07000148,2013-2014,LA rents and charges,,74.7,a. Weekly rent mean
E07000148,2014-2015,LA rents and charges,,75.9,a. Weekly rent mean
E07000148,2015-2016,LA rents and charges,,79.9,b. Weekly total charges mean
E07000150,2013-2014,LA rents and charges,,73.3,a. Weekly rent mean
E07000150,2014-2015,LA rents and charges,,76.7,b. Weekly total charges mean
E07000150,2013-2014,LA rents and charges,,74.7,b. Weekly total charges mean
E07000150,2014-2015,LA rents and charges,,75.8,a. Weekly rent mean
E07000150,2015-2016,LA rents and charges,,79.8,b. Weekly total charges mean
E07000150,2015-2016,LA rents and charges,,78.7,a. Weekly rent mean
E07000153,2014-2015,LA rents and charges,,81.4,b. Weekly total charges mean
E07000153,2014-2015,LA rents and charges,,80.6,a. Weekly rent mean
E07000153,2013-2014,LA rents and charges,,79.2,b. Weekly total charges mean
E07000153,2015-2016,LA rents and charges,,82.4,a. Weekly rent mean
E07000153,2015-2016,LA rents and charges,,83,b. Weekly total charges mean
E07000153,2013-2014,LA rents and charges,,78.7,a. Weekly rent mean
E07000154,2013-2014,LA rents and charges,,79.8,b. Weekly total charges mean
E07000154,2014-2015,LA rents and charges,,84.4,b. Weekly total charges mean
E07000154,2014-2015,LA rents and charges,,81.2,a. Weekly rent mean
E07000154,2015-2016,LA rents and charges,,82.3,a. Weekly rent mean
E07000154,2013-2014,LA rents and charges,,75.7,a. Weekly rent mean
E07000154,2015-2016,LA rents and charges,,85.8,b. Weekly total charges mean
E07000165,2013-2014,LA rents and charges,,75,b. Weekly total charges mean
E07000165,2014-2015,LA rents and charges,,79.3,b. Weekly total charges mean
E07000165,2015-2016,LA rents and charges,,81.7,b. Weekly total charges mean
E07000165,2013-2014,LA rents and charges,,74.9,a. Weekly rent mean
E07000165,2014-2015,LA rents and charges,,78.8,a. Weekly rent mean
E07000165,2015-2016,LA rents and charges,,81.7,a. Weekly rent mean
E07000166,2015-2016,LA rents and charges,,81,b. Weekly total charges mean
E07000166,2013-2014,LA rents and charges,,76.5,a. Weekly rent mean
E07000166,2013-2014,LA rents and charges,,76.5,b. Weekly total charges mean
E07000166,2015-2016,LA rents and charges,,80.9,a. Weekly rent mean
E07000166,2014-2015,LA rents and charges,,80.7,a. Weekly rent mean
E07000166,2014-2015,LA rents and charges,,80.7,b. Weekly total charges mean
E07000169,2014-2015,LA rents and charges,,74.9,a. Weekly rent mean
E07000169,2015-2016,LA rents and charges,,77,b. Weekly total charges mean
E07000169,2015-2016,LA rents and charges,,76.9,a. Weekly rent mean
E07000169,2013-2014,LA rents and charges,,71.1,b. Weekly total charges mean
E07000169,2013-2014,LA rents and charges,,71.1,a. Weekly rent mean
E07000169,2014-2015,LA rents and charges,,74.9,b. Weekly total charges mean
E07000170,2014-2015,LA rents and charges,,66,b. Weekly total charges mean
E07000170,2015-2016,LA rents and charges,,67.2,a. Weekly rent mean
E07000170,2013-2014,LA rents and charges,,64.6,b. Weekly total charges mean
E07000170,2014-2015,LA rents and charges,,65.9,a. Weekly rent mean
E07000170,2015-2016,LA rents and charges,,67.4,b. Weekly total charges mean
E07000170,2013-2014,LA rents and charges,,64.5,a. Weekly rent mean
E07000171,2015-2016,LA rents and charges,,74.1,a. Weekly rent mean
E07000171,2014-2015,LA rents and charges,,73.2,a. Weekly rent mean
E07000171,2013-2014,LA rents and charges,,70.4,a. Weekly rent mean
E07000171,2015-2016,LA rents and charges,,74.6,b. Weekly total charges mean
E07000171,2013-2014,LA rents and charges,,70.4,b. Weekly total charges mean
E07000171,2014-2015,LA rents and charges,,73.2,b. Weekly total charges mean
E07000172,2013-2014,LA rents and charges,,65.1,a. Weekly rent mean
E07000172,2014-2015,LA rents and charges,,66.5,b. Weekly total charges mean
E07000172,2015-2016,LA rents and charges,,67.4,a. Weekly rent mean
E07000172,2013-2014,LA rents and charges,,65.1,b. Weekly total charges mean
E07000172,2014-2015,LA rents and charges,,65.7,a. Weekly rent mean
E07000172,2015-2016,LA rents and charges,,67.5,b. Weekly total charges mean
E07000173,2015-2016,LA rents and charges,,63.2,a. Weekly rent mean
E07000173,2015-2016,LA rents and charges,,65.5,b. Weekly total charges mean
E07000174,2015-2016,LA rents and charges,,71.1,a. Weekly rent mean
E07000174,2013-2014,LA rents and charges,,65.4,a. Weekly rent mean
E07000174,2013-2014,LA rents and charges,,69.9,b. Weekly total charges mean
E07000174,2014-2015,LA rents and charges,,75.4,b. Weekly total charges mean
E07000174,2015-2016,LA rents and charges,,75.7,b. Weekly total charges mean
E07000174,2014-2015,LA rents and charges,,70.5,a. Weekly rent mean
E07000175,2014-2015,LA rents and charges,,76.1,b. Weekly total charges mean
E07000175,2013-2014,LA rents and charges,,73.3,a. Weekly rent mean
E07000175,2015-2016,LA rents and charges,,78,b. Weekly total charges mean
E07000175,2014-2015,LA rents and charges,,75.9,a. Weekly rent mean
E07000175,2015-2016,LA rents and charges,,77.8,a. Weekly rent mean
E07000175,2013-2014,LA rents and charges,,73.5,b. Weekly total charges mean
E07000177,2013-2014,LA rents and charges,,105,b. Weekly total charges mean
E07000177,2015-2016,LA rents and charges,,98.4,a. Weekly rent mean
E07000177,2015-2016,LA rents and charges,,98.4,b. Weekly total charges mean
E07000177,2013-2014,LA rents and charges,,105,a. Weekly rent mean
E07000178,2015-2016,LA rents and charges,,111.2,b. Weekly total charges mean
E07000178,2013-2014,LA rents and charges,,98.1,a. Weekly rent mean
E07000178,2014-2015,LA rents and charges,,107,b. Weekly total charges mean
E07000178,2014-2015,LA rents and charges,,102.8,a. Weekly rent mean
E07000178,2013-2014,LA rents and charges,,101.8,b. Weekly total charges mean
E07000178,2015-2016,LA rents and charges,,106.9,a. Weekly rent mean
E07000180,2013-2014,LA rents and charges,,127.6,b. Weekly total charges mean
E07000180,2013-2014,LA rents and charges,,122.5,a. Weekly rent mean
E07000180,2014-2015,LA rents and charges,,120.9,a. Weekly rent mean
E07000180,2015-2016,LA rents and charges,,130.8,b. Weekly total charges mean
E07000180,2015-2016,LA rents and charges,,124.8,a. Weekly rent mean
E07000180,2014-2015,LA rents and charges,,125.9,b. Weekly total charges mean
E07000188,2015-2016,LA rents and charges,,79.5,a. Weekly rent mean
E07000188,2014-2015,LA rents and charges,,83.1,b. Weekly total charges mean
E07000188,2015-2016,LA rents and charges,,84.1,b. Weekly total charges mean
E07000188,2013-2014,LA rents and charges,,76.5,a. Weekly rent mean
E07000188,2013-2014,LA rents and charges,,81.9,b. Weekly total charges mean
E07000188,2014-2015,LA rents and charges,,77.5,a. Weekly rent mean
E07000190,2013-2014,LA rents and charges,,74.5,a. Weekly rent mean
E07000190,2015-2016,LA rents and charges,,85.5,b. Weekly total charges mean
E07000190,2013-2014,LA rents and charges,,79.5,b. Weekly total charges mean
E07000190,2014-2015,LA rents and charges,,80.1,a. Weekly rent mean
E07000190,2015-2016,LA rents and charges,,80.6,a. Weekly rent mean
E07000190,2014-2015,LA rents and charges,,82.9,b. Weekly total charges mean
E07000192,2015-2016,LA rents and charges,,73.1,a. Weekly rent mean
E07000192,2013-2014,LA rents and charges,,70.9,a. Weekly rent mean
E07000192,2013-2014,LA rents and charges,,71.5,b. Weekly total charges mean
E07000192,2014-2015,LA rents and charges,,74,b. Weekly total charges mean
E07000192,2015-2016,LA rents and charges,,73.2,b. Weekly total charges mean
E07000192,2014-2015,LA rents and charges,,73.1,a. Weekly rent mean
E07000199,2015-2016,LA rents and charges,,80.2,a. Weekly rent mean
E07000199,2015-2016,LA rents and charges,,80.3,b. Weekly total charges mean
E07000199,2014-2015,LA rents and charges,,78.4,a. Weekly rent mean
E07000199,2014-2015,LA rents and charges,,78.4,b. Weekly total charges mean
E07000199,2013-2014,LA rents and charges,,76.6,b. Weekly total charges mean
E07000199,2013-2014,LA rents and charges,,76.6,a. Weekly rent mean
E07000200,2014-2015,LA rents and charges,,89.5,a. Weekly rent mean
E07000200,2013-2014,LA rents and charges,,84.2,a. Weekly rent mean
E07000200,2014-2015,LA rents and charges,,90,b. Weekly total charges mean
E07000200,2015-2016,LA rents and charges,,92.2,b. Weekly total charges mean
E07000200,2013-2014,LA rents and charges,,84.3,b. Weekly total charges mean
E07000200,2015-2016,LA rents and charges,,91.9,a. Weekly rent mean
E07000202,2015-2016,LA rents and charges,,84,a. Weekly rent mean
E07000202,2013-2014,LA rents and charges,,77.7,a. Weekly rent mean
E07000202,2013-2014,LA rents and charges,,77.8,b. Weekly total charges mean
E07000202,2015-2016,LA rents and charges,,84.1,b. Weekly total charges mean
E07000202,2014-2015,LA rents and charges,,79.5,b. Weekly total charges mean
E07000202,2014-2015,LA rents and charges,,79.3,a. Weekly rent mean
E07000203,2013-2014,LA rents and charges,,79.2,b. Weekly total charges mean
E07000203,2015-2016,LA rents and charges,,83.5,b. Weekly total charges mean
E07000203,2014-2015,LA rents and charges,,81.7,a. Weekly rent mean
E07000203,2015-2016,LA rents and charges,,82.7,a. Weekly rent mean
E07000203,2013-2014,LA rents and charges,,78.8,a. Weekly rent mean
E07000203,2014-2015,LA rents and charges,,82.1,b. Weekly total charges mean
E07000206,2013-2014,LA rents and charges,,72.4,a. Weekly rent mean
E07000206,2014-2015,LA rents and charges,,89.5,b. Weekly total charges mean
E07000206,2014-2015,LA rents and charges,,86.7,a. Weekly rent mean
E07000206,2013-2014,LA rents and charges,,74.8,b. Weekly total charges mean
E07000209,2013-2014,LA rents and charges,,104.6,b. Weekly total charges mean
E07000209,2013-2014,LA rents and charges,,103.5,a. Weekly rent mean
E07000209,2015-2016,LA rents and charges,,107.7,b. Weekly total charges mean
E07000209,2014-2015,LA rents and charges,,108.4,a. Weekly rent mean
E07000209,2015-2016,LA rents and charges,,106.7,a. Weekly rent mean
E07000209,2014-2015,LA rents and charges,,108.9,b. Weekly total charges mean
E07000212,2013-2014,LA rents and charges,,104.2,b. Weekly total charges mean
E07000212,2015-2016,LA rents and charges,,106.9,a. Weekly rent mean
E07000212,2014-2015,LA rents and charges,,105.7,a. Weekly rent mean
E07000212,2015-2016,LA rents and charges,,108.6,b. Weekly total charges mean
E07000212,2013-2014,LA rents and charges,,102.4,a. Weekly rent mean
E07000212,2014-2015,LA rents and charges,,106.6,b. Weekly total charges mean
E07000215,2014-2015,LA rents and charges,,98.1,b. Weekly total charges mean
E07000215,2015-2016,LA rents and charges,,103.9,b. Weekly total charges mean
E07000215,2015-2016,LA rents and charges,,100.8,a. Weekly rent mean
E07000215,2013-2014,LA rents and charges,,92.9,b. Weekly total charges mean
E07000215,2014-2015,LA rents and charges,,94.8,a. Weekly rent mean
E07000215,2013-2014,LA rents and charges,,90.5,a. Weekly rent mean
E07000216,2014-2015,LA rents and charges,,108.3,a. Weekly rent mean
E07000216,2013-2014,LA rents and charges,,101.5,a. Weekly rent mean
E07000216,2015-2016,LA rents and charges,,112,a. Weekly rent mean
E07000216,2015-2016,LA rents and charges,,115.3,b. Weekly total charges mean
E07000216,2013-2014,LA rents and charges,,101.5,b. Weekly total charges mean
E07000216,2014-2015,LA rents and charges,,110.3,b. Weekly total charges mean
E07000217,2014-2015,LA rents and charges,,101.7,a. Weekly rent mean
E07000217,2014-2015,LA rents and charges,,106.9,b. Weekly total charges mean
E07000217,2013-2014,LA rents and charges,,105,b. Weekly total charges mean
E07000217,2015-2016,LA rents and charges,,110.9,b. Weekly total charges mean
E07000217,2013-2014,LA rents and charges,,99.9,a. Weekly rent mean
E07000217,2015-2016,LA rents and charges,,102.2,a. Weekly rent mean
E07000218,2015-2016,LA rents and charges,,82.7,a. Weekly rent mean
E07000218,2013-2014,LA rents and charges,,77.3,b. Weekly total charges mean
E07000218,2013-2014,LA rents and charges,,76.7,a. Weekly rent mean
E07000218,2015-2016,LA rents and charges,,83.7,b. Weekly total charges mean
E07000218,2014-2015,LA rents and charges,,84,b. Weekly total charges mean
E07000218,2014-2015,LA rents and charges,,83.4,a. Weekly rent mean
E07000219,2013-2014,LA rents and charges,,74,a. Weekly rent mean
E07000219,2015-2016,LA rents and charges,,79.6,a. Weekly rent mean
E07000219,2014-2015,LA rents and charges,,76.5,a. Weekly rent mean
E07000219,2015-2016,LA rents and charges,,81.9,b. Weekly total charges mean
E07000219,2014-2015,LA rents and charges,,78.7,b. Weekly total charges mean
E07000219,2013-2014,LA rents and charges,,76.2,b. Weekly total charges mean
E07000220,2013-2014,LA rents and charges,,84.9,b. Weekly total charges mean
E07000220,2015-2016,LA rents and charges,,82.4,a. Weekly rent mean
E07000220,2014-2015,LA rents and charges,,83.2,a. Weekly rent mean
E07000220,2013-2014,LA rents and charges,,76.1,a. Weekly rent mean
E07000220,2015-2016,LA rents and charges,,88.8,b. Weekly total charges mean
E07000220,2014-2015,LA rents and charges,,88.7,b. Weekly total charges mean
E07000222,2014-2015,LA rents and charges,,86,a. Weekly rent mean
E07000222,2014-2015,LA rents and charges,,87.8,b. Weekly total charges mean
E07000222,2015-2016,LA rents and charges,,92.2,a. Weekly rent mean
E07000222,2013-2014,LA rents and charges,,82.3,b. Weekly total charges mean
E07000222,2013-2014,LA rents and charges,,79.9,a. Weekly rent mean
E07000222,2015-2016,LA rents and charges,,94.3,b. Weekly total charges mean
E07000223,2014-2015,LA rents and charges,,87.9,b. Weekly total charges mean
E07000223,2015-2016,LA rents and charges,,88.8,b. Weekly total charges mean
E07000223,2013-2014,LA rents and charges,,84.4,a. Weekly rent mean
E07000223,2013-2014,LA rents and charges,,86.1,b. Weekly total charges mean
E07000223,2014-2015,LA rents and charges,,85.1,a. Weekly rent mean
E07000223,2015-2016,LA rents and charges,,87.4,a. Weekly rent mean
E07000224,2013-2014,LA rents and charges,,85.1,b. Weekly total charges mean
E07000224,2014-2015,LA rents and charges,,87.5,a. Weekly rent mean
E07000224,2013-2014,LA rents and charges,,84.8,a. Weekly rent mean
E07000224,2015-2016,LA rents and charges,,90.3,b. Weekly total charges mean
E07000224,2014-2015,LA rents and charges,,88.2,b. Weekly total charges mean
E07000224,2015-2016,LA rents and charges,,88.7,a. Weekly rent mean
E07000226,2015-2016,LA rents and charges,,109.1,a. Weekly rent mean
E07000226,2014-2015,LA rents and charges,,107.2,a. Weekly rent mean
E07000226,2015-2016,LA rents and charges,,109.9,b. Weekly total charges mean
E07000226,2013-2014,LA rents and charges,,98.6,a. Weekly rent mean
E07000226,2014-2015,LA rents and charges,,108.4,b. Weekly total charges mean
E07000226,2013-2014,LA rents and charges,,99.1,b. Weekly total charges mean
E07000236,2014-2015,LA rents and charges,,75,b. Weekly total charges mean
E07000236,2015-2016,LA rents and charges,,75.7,b. Weekly total charges mean
E07000236,2013-2014,LA rents and charges,,69.9,a. Weekly rent mean
E07000236,2013-2014,LA rents and charges,,70.9,b. Weekly total charges mean
E07000236,2014-2015,LA rents and charges,,73.7,a. Weekly rent mean
E07000236,2015-2016,LA rents and charges,,75,a. Weekly rent mean
E06000001,2013-2014,LA rents and charges,,93.8,a. Weekly rent mean
E06000001,2015-2016,LA rents and charges,,100.2,a. Weekly rent mean
E06000001,2013-2014,LA rents and charges,,94.2,b. Weekly total charges mean
E06000001,2015-2016,LA rents and charges,,100.3,b. Weekly total charges mean
E06000005,2015-2016,LA rents and charges,,83.3,b. Weekly total charges mean
E06000005,2013-2014,LA rents and charges,,77.5,b. Weekly total charges mean
E06000005,2014-2015,LA rents and charges,,80.7,b. Weekly total charges mean
E06000005,2013-2014,LA rents and charges,,66.6,a. Weekly rent mean
E06000005,2014-2015,LA rents and charges,,69.3,a. Weekly rent mean
E06000005,2015-2016,LA rents and charges,,71.7,a. Weekly rent mean
E06000009,2013-2014,LA rents and charges,,76.4,b. Weekly total charges mean
E06000009,2015-2016,LA rents and charges,,79,b. Weekly total charges mean
E06000009,2013-2014,LA rents and charges,,70.4,a. Weekly rent mean
E06000009,2015-2016,LA rents and charges,,74.9,a. Weekly rent mean
E06000009,2014-2015,LA rents and charges,,80.8,b. Weekly total charges mean
E06000009,2014-2015,LA rents and charges,,75.9,a. Weekly rent mean
E06000010,2014-2015,LA rents and charges,,71.5,b. Weekly total charges mean
E06000010,2015-2016,LA rents and charges,,74.9,b. Weekly total charges mean
E06000010,2014-2015,LA rents and charges,,69.9,a. Weekly rent mean
E06000010,2013-2014,LA rents and charges,,69,b. Weekly total charges mean
E06000010,2015-2016,LA rents and charges,,72.9,a. Weekly rent mean
E06000010,2013-2014,LA rents and charges,,67.9,a. Weekly rent mean
E06000014,2015-2016,LA rents and charges,,78.1,a. Weekly rent mean
E06000014,2013-2014,LA rents and charges,,71.7,a. Weekly rent mean
E06000014,2013-2014,LA rents and charges,,72.9,b. Weekly total charges mean
E06000014,2015-2016,LA rents and charges,,78.8,b. Weekly total charges mean
E06000014,2014-2015,LA rents and charges,,75.1,a. Weekly rent mean
E06000014,2014-2015,LA rents and charges,,75.5,b. Weekly total charges mean
E06000015,2015-2016,LA rents and charges,,89.6,b. Weekly total charges mean
E06000015,2015-2016,LA rents and charges,,83.2,a. Weekly rent mean
E06000015,2013-2014,LA rents and charges,,81.3,b. Weekly total charges mean
E06000015,2013-2014,LA rents and charges,,77.5,a. Weekly rent mean
E06000015,2014-2015,LA rents and charges,,84.5,b. Weekly total charges mean
E06000015,2014-2015,LA rents and charges,,80.8,a. Weekly rent mean
E06000016,2013-2014,LA rents and charges,,67.5,a. Weekly rent mean
E06000016,2014-2015,LA rents and charges,,74.1,b. Weekly total charges mean
E06000016,2015-2016,LA rents and charges,,70.6,a. Weekly rent mean
E06000016,2014-2015,LA rents and charges,,70.8,a. Weekly rent mean
E06000016,2013-2014,LA rents and charges,,70.6,b. Weekly total charges mean
E06000016,2015-2016,LA rents and charges,,73.3,b. Weekly total charges mean
E06000018,2015-2016,LA rents and charges,,77,b. Weekly total charges mean
E06000018,2014-2015,LA rents and charges,,72,a. Weekly rent mean
E06000018,2015-2016,LA rents and charges,,74.3,a. Weekly rent mean
E06000018,2013-2014,LA rents and charges,,70.1,a. Weekly rent mean
E06000018,2014-2015,LA rents and charges,,74.7,b. Weekly total charges mean
E06000018,2013-2014,LA rents and charges,,72.9,b. Weekly total charges mean
E06000021,2015-2016,LA rents and charges,,70.7,b. Weekly total charges mean
E06000021,2014-2015,LA rents and charges,,68.4,a. Weekly rent mean
E06000021,2015-2016,LA rents and charges,,69.5,a. Weekly rent mean
E06000021,2013-2014,LA rents and charges,,65.8,a. Weekly rent mean
E06000021,2014-2015,LA rents and charges,,69.5,b. Weekly total charges mean
E06000021,2013-2014,LA rents and charges,,66.8,b. Weekly total charges mean
E06000023,2014-2015,LA rents and charges,,78.1,a. Weekly rent mean
E06000023,2015-2016,LA rents and charges,,84.8,b. Weekly total charges mean
E06000023,2013-2014,LA rents and charges,,74.5,a. Weekly rent mean
E06000023,2015-2016,LA rents and charges,,79,a. Weekly rent mean
E06000023,2014-2015,LA rents and charges,,84.1,b. Weekly total charges mean
E06000023,2013-2014,LA rents and charges,,80.2,b. Weekly total charges mean
E06000028,2015-2016,LA rents and charges,,95.7,b. Weekly total charges mean
E06000028,2013-2014,LA rents and charges,,82.1,b. Weekly total charges mean
E06000028,2013-2014,LA rents and charges,,80.8,a. Weekly rent mean
E06000028,2014-2015,LA rents and charges,,82.7,a. Weekly rent mean
E06000028,2014-2015,LA rents and charges,,84,b. Weekly total charges mean
E06000028,2015-2016,LA rents and charges,,95.3,a. Weekly rent mean
E06000029,2013-2014,LA rents and charges,,83.2,a. Weekly rent mean
E06000029,2014-2015,LA rents and charges,,85.9,a. Weekly rent mean
E06000029,2013-2014,LA rents and charges,,84,b. Weekly total charges mean
E06000029,2015-2016,LA rents and charges,,86.5,a. Weekly rent mean
E06000029,2015-2016,LA rents and charges,,87.1,b. Weekly total charges mean
E06000029,2014-2015,LA rents and charges,,86.5,b. Weekly total charges mean
E06000030,2013-2014,LA rents and charges,,85,b. Weekly total charges mean
E06000030,2014-2015,LA rents and charges,,81.7,a. Weekly rent mean
E06000030,2015-2016,LA rents and charges,,85.4,a. Weekly rent mean
E06000030,2015-2016,LA rents and charges,,90.4,b. Weekly total charges mean
E06000030,2013-2014,LA rents and charges,,80.9,a. Weekly rent mean
E06000030,2014-2015,LA rents and charges,,85.9,b. Weekly total charges mean
E07000240,2015-2016,LA rents and charges,,108.4,a. Weekly rent mean
E07000240,2014-2015,LA rents and charges,,106.3,a. Weekly rent mean
E07000240,2015-2016,LA rents and charges,,110.7,b. Weekly total charges mean
E07000240,2013-2014,LA rents and charges,,93.4,a. Weekly rent mean
E07000240,2014-2015,LA rents and charges,,109.3,b. Weekly total charges mean
E07000240,2013-2014,LA rents and charges,,96.6,b. Weekly total charges mean
E07000241,2013-2014,LA rents and charges,,89,b. Weekly total charges mean
E07000241,2013-2014,LA rents and charges,,88.1,a. Weekly rent mean
E07000241,2015-2016,LA rents and charges,,103.5,a. Weekly rent mean
E07000241,2015-2016,LA rents and charges,,105.8,b. Weekly total charges mean
E07000241,2014-2015,LA rents and charges,,102.4,a. Weekly rent mean
E07000241,2014-2015,LA rents and charges,,103,b. Weekly total charges mean
E06000035,2013-2014,LA rents and charges,,85.9,b. Weekly total charges mean
E06000035,2014-2015,LA rents and charges,,84.4,a. Weekly rent mean
E06000035,2015-2016,LA rents and charges,,88.2,a. Weekly rent mean
E06000035,2015-2016,LA rents and charges,,88.4,b. Weekly total charges mean
E06000035,2013-2014,LA rents and charges,,85.5,a. Weekly rent mean
E06000035,2014-2015,LA rents and charges,,85,b. Weekly total charges mean
E06000043,2014-2015,LA rents and charges,,86.6,b. Weekly total charges mean
E06000043,2014-2015,LA rents and charges,,82.4,a. Weekly rent mean
E06000043,2013-2014,LA rents and charges,,80.3,a. Weekly rent mean
E06000043,2015-2016,LA rents and charges,,85,a. Weekly rent mean
E06000043,2013-2014,LA rents and charges,,82.9,b. Weekly total charges mean
E06000043,2015-2016,LA rents and charges,,89,b. Weekly total charges mean
E06000011,2015-2016,LA rents and charges,,81.5,b. Weekly total charges mean
E06000011,2013-2014,LA rents and charges,,72.9,b. Weekly total charges mean
E06000011,2015-2016,LA rents and charges,,81.1,a. Weekly rent mean
E06000011,2013-2014,LA rents and charges,,72.6,a. Weekly rent mean
E06000011,2014-2015,LA rents and charges,,78.9,b. Weekly total charges mean
E06000011,2014-2015,LA rents and charges,,78.6,a. Weekly rent mean
E06000047,2014-2015,LA rents and charges,,70.8,b. Weekly total charges mean
E06000047,2013-2014,LA rents and charges,,68,b. Weekly total charges mean
E06000047,2014-2015,LA rents and charges,,69.1,a. Weekly rent mean
E06000047,2015-2016,LA rents and charges,,64.1,a. Weekly rent mean
E06000047,2013-2014,LA rents and charges,,66.7,a. Weekly rent mean
E06000047,2015-2016,LA rents and charges,,64.1,b. Weekly total charges mean
E06000050,2014-2015,LA rents and charges,,77.3,b. Weekly total charges mean
E06000050,2013-2014,LA rents and charges,,74.5,b. Weekly total charges mean
E06000050,2013-2014,LA rents and charges,,74.5,a. Weekly rent mean
E06000050,2014-2015,LA rents and charges,,77.2,a. Weekly rent mean
E06000050,2015-2016,LA rents and charges,,78.8,b. Weekly total charges mean
E06000050,2015-2016,LA rents and charges,,78.8,a. Weekly rent mean
E06000051,2013-2014,LA rents and charges,,75.2,b. Weekly total charges mean
E06000051,2015-2016,LA rents and charges,,81.6,b. Weekly total charges mean
E06000051,2014-2015,LA rents and charges,,77,b. Weekly total charges mean
E06000051,2013-2014,LA rents and charges,,74.1,a. Weekly rent mean
E06000051,2015-2016,LA rents and charges,,79.8,a. Weekly rent mean
E06000051,2014-2015,LA rents and charges,,75.6,a. Weekly rent mean
E06000052,2015-2016,LA rents and charges,,70.7,a. Weekly rent mean
E06000052,2013-2014,LA rents and charges,,67.3,b. Weekly total charges mean
E06000052,2015-2016,LA rents and charges,,71,b. Weekly total charges mean
E06000052,2014-2015,LA rents and charges,,69.2,a. Weekly rent mean
E06000052,2013-2014,LA rents and charges,,67.1,a. Weekly rent mean
E06000052,2014-2015,LA rents and charges,,69.6,b. Weekly total charges mean
E06000054,2015-2016,LA rents and charges,,88.5,a. Weekly rent mean
E06000054,2015-2016,LA rents and charges,,88.5,b. Weekly total charges mean
E06000054,2014-2015,LA rents and charges,,87.2,a. Weekly rent mean
E06000054,2013-2014,LA rents and charges,,85.3,b. Weekly total charges mean
E06000054,2014-2015,LA rents and charges,,87.2,b. Weekly total charges mean
E06000054,2013-2014,LA rents and charges,,83.4,a. Weekly rent mean
E06000056,2015-2016,LA rents and charges,,102.3,a. Weekly rent mean
E06000056,2015-2016,LA rents and charges,,104.6,b. Weekly total charges mean
E06000056,2014-2015,LA rents and charges,,98.9,a. Weekly rent mean
E06000056,2013-2014,LA rents and charges,,97.8,b. Weekly total charges mean
E06000056,2013-2014,LA rents and charges,,97.1,a. Weekly rent mean
E06000056,2014-2015,LA rents and charges,,104.4,b. Weekly total charges mean
E07000243,2014-2015,LA rents and charges,,98.3,b. Weekly total charges mean
E07000243,2013-2014,LA rents and charges,,93.8,a. Weekly rent mean
E07000243,2015-2016,LA rents and charges,,103,a. Weekly rent mean
E07000243,2014-2015,LA rents and charges,,97.3,a. Weekly rent mean
E07000243,2015-2016,LA rents and charges,,104.5,b. Weekly total charges mean
E07000243,2013-2014,LA rents and charges,,94.4,b. Weekly total charges mean
E08000037,2014-2015,LA rents and charges,,81.3,b. Weekly total charges mean
E08000037,2013-2014,LA rents and charges,,70.5,a. Weekly rent mean
E08000037,2014-2015,LA rents and charges,,74,a. Weekly rent mean
E08000037,2015-2016,LA rents and charges,,83,b. Weekly total charges mean
E08000037,2013-2014,LA rents and charges,,77.3,b. Weekly total charges mean
E08000037,2015-2016,LA rents and charges,,76,a. Weekly rent mean
E06000057,2013-2014,LA rents and charges,,62.5,b. Weekly total charges mean
E06000057,2015-2016,LA rents and charges,,69.8,b. Weekly total charges mean
E06000057,2013-2014,LA rents and charges,,62,a. Weekly rent mean
E06000057,2014-2015,LA rents and charges,,68.6,a. Weekly rent mean
E06000057,2014-2015,LA rents and charges,,69.6,b. Weekly total charges mean
E06000057,2015-2016,LA rents and charges,,69.3,a. Weekly rent mean
